evidence_id,source_file,insight_type,semantic_type,extraction_method,text,priority_score,confidence,suggested_narrative_use,source_location,ocr_used,dedup_merged_sources,dedup_merged_ids,downweighted_by_rule
E0135,amex_the_fork.docx,docx_insight,Claim,paragraph,"“Dining is one of the most important ways people engage with our brand,” said Rafa Marquez, President of International Card Services at American Express. “Over time, the proposed acquisition would help us enrich our differentiated Membership Model by offering Card Members more ways to discover, book and access great restaurants, while helping our partners reach more diners and grow their businesses. TheFork has built a successful platform across Europe with strong relationships throughout the restaurant industry that would complement our existing capabilities. We look forward to supporting TheFork’s continued growth and building on its success as we strengthen our dining presence across Europe.”",0.887,medium,What,DOCX,,,,
E0162,yahoo_finance_2.docx,docx_insight,Claim,paragraph,"For American Express, buying TheFork looks less like a standalone deal and more like another step in building a closed-loop dining and experiences ecosystem around its cards. By controlling reservation platforms such as Resy, Tock and now TheFork, the company gains more direct access to where and how cardmembers spend, while also offering restaurants tools that can tie payments, loyalty and customer data together. That fits with its recent focus on premium travel benefits, co-branded products such as the refreshed Delta SkyMiles cards, and partnerships like Fanatics, all of which push toward higher engagement and card-on-file usage. The all-cash price of US$700 million is meaningful but sits alongside a recent €750 million eurobond issue and an affirmed US$0.95 quarterly dividend, suggest…",0.887,medium,What,DOCX,,,,
E0054,EX-10.1.pdf,pdf_page_insight,Claim,text_layer,"Page 54: until the Closing, or the earlier termination of this Agreement in accordance with Article VIII, the Company shall (and shall cause each of its
Subsidiaries to) conduct its business only in the Ordinary Course of Business and use commercially reasonable efforts to (i) preserve its current
relationships with customers, employees, suppliers and others having material business dealings with it, (ii) maintain its books and records in the usual,
regular and ordinary manner, on a basis consistent with past practice, (iii) preserve the goodwill and ongoing operations of its business and (iv) preserve
the confidentiality of any material Trade Secrets included in the Company-Owned Intellectual Property (except those contained in any materials filed
with the United States Patent and Tradem…",0.83,high,What,Page 54,False,,,
E0087,EX-99.1.pdf,pdf_page_insight,Claim,text_layer,"Page 1: EX-99.1 3 d156418dex991.htm EX-99.1
Exhibit 99.1
Tripadvisor Enters into Agreement to Sell TheFork to American Express for $700 Million
Transaction highlights the value of Tripadvisor’s portfolio and enables greater focus on experiences
NEEDHAM, Mass., June 15, 2026 (PRNewswire) — Tripadvisor, Inc. (NASDAQ: TRIP) (the “Company”) today announced it has entered into a put
option agreement to sell TheFork, its online restaurant reservation and management platform in Europe, to American Express for $700 million in an
all-cash transaction.
The agreement follows Tripadvisor’s February 2026 announcement that it would explore strategic alternatives for TheFork. It recognizes the value
created in the business over more than a decade, and allows Tripadvisor to focus even more fully on its E…",0.83,high,What,Page 1,False,,,
E0088,EX-99.1.pdf,pdf_page_insight,Claim,text_layer,"Page 2: Note on Segment Adjusted EBITDA
We refer to segment adjusted EBITDA as a measure of segment profitability because it is the measure of profit or loss for our reportable segments
provided to our Chief Operating Decision Maker (CODM) in accordance with U.S. GAAP for segment reporting. Segment adjusted EBITDA is a key
performance measure used by our CODM and Board of Directors to evaluate our individual operating segments. We define adjusted EBITDA as net
income (loss) plus: (1) (provision) benefit for income taxes; (2) other income (expense), net; (3) depreciation and amortization; (4) stock-based
compensation; (5) goodwill, long-lived asset, and intangible asset impairments; (6) legal reserves, settlements and other (including indirect tax reserves
related to audit settlements and …",0.83,high,What,Page 2,False,,,
E0089,EX-99.1.pdf,pdf_page_insight,Risk,text_layer,"Page 3: Key factors that could cause such differences include: whether or when the required employee works council consultation processes are completed; the
ability of the parties to successfully execute a definitive purchase agreement following exercise of the put option; the satisfaction of closing conditions,
including obtaining regulatory and antitrust approvals; difficulties or unexpected costs relating to segregating the integrated technology data and
platform of TheFork from our retained operations and anticipated benefits for Tripadvisor as a result of the proposed transaction do not fully materialize;
risks related to disruption of management time; the operational risk of running our core business without the integrated data platform of TheFork; and
the potential for material adj…",0.83,high,What,Page 3,False,,,
E0090,Final 15 YEARS PRESS RELEASE  (1).pdf,pdf_page_insight,Claim,text_layer,"Page 1: TheFork celebrates its 15th anniversary, marked by the digitalization of
restaurant industry and revolution in consumption habits
With more than 420 million guests sent to restaurants in 15 years, TheFork has disrupted the
restaurant industry by driving and supporting the digitalization of the sector, and has
established itself in the daily lives of Europeans as their favorite application for dining out.
On the occasion of this anniversary, TheFork takes stock of the evolution of the industry
through a study in partnership with EuroMonitor, and presents the next trends and innovations
to come
Created from a strong ambition in 2007, that of offering a new way to foster relationships between
restaurants and diners, TheFork has revolutionized the industry by offering a new model, uni…",0.83,high,What,Page 1,False,,,
E0091,Final 15 YEARS PRESS RELEASE  (1).pdf,pdf_page_insight,Claim,text_layer,"Page 2: Value Add of Europe in 2019.
●
In 2020, COVID-19 induced lockdowns and restrictions. With prohibitions for eating out at
restaurants, consumer foodservice in Europe declined by approximately 38% in value sales in
2019-20. However, over the 2020-2021 period, as countries across Europe ease
restrictions and consumers return to food outlets, consumer foodservice grew by
approximately 23% to €250 billion in sales in 2021 and employed over 6.4 million
people.
Category overview (Euromonitor data**)
●
Full-service restaurants continue to be the dominant foodservice format across
Europe, contributing in 2021 €97 Billion in value sales (approximately 39% of value
share) , with more than 326,000 outlets.
●
Limited-service restaurants (fast food and 100% home delivery/takeaway outlet), the s…",0.83,high,What,Page 2,False,,,
E0092,Final 15 YEARS PRESS RELEASE  (1).pdf,pdf_page_insight,Claim,text_layer,"Page 3: In addition to the innovations on TheFork Pay, the company is also accelerating the development of
its Gift Card, the first gift card that allows users to enjoy a restaurant experience in more than 25,000
partner restaurants including MICHELIN ones. This product has been designed from the beginning to
support the industry. Launched during the epidemic, 100% of the amount of the Gift Card is for the
Restaurant. The ambition is to inject cash into the industry and generate additional sources of income
for restaurateurs, as well as reach new customers and retain them. As the amount generated by the
gift card is valuable to support small local entities, TheFork, to boost its positive effects, also offered
this product to companies. The Gift Card allows them to thank their customers or…",0.83,high,What,Page 3,False,,,
E0096,the fork press kit 2023 new brand.pdf,pdf_ocr_page_insight,Claim,ocr,"Page 4: TheFork’'s growth skyrockets
The opportunity to join TripAdvisor in 2014 on this adventure
has enabled TheFork to leverage the global reach of the
world’s largest travel platform and to develop in new
markets. This acquisition brings together two companies that
share the same entrepreneurial culture and vision, where
customers come first.
2006 - 2014
Roots and foundations
2006 Origin of LaFourchette & Alain Ducasse idea
2007 Launch of official business & website in France & Spain
2011 Launch of TheFork app
2012 TheFork hits 10 million bookings & launch of Switzerland
2014 «TripAdvisor acquires LaFourchette & launch of Belgium
2014 - 2015
internationalisation, launches and
acquisitions
italy, Sweden, Portugal, Australia, Netherlands.
2016 - 2018
Consolidation & Diversification
Fran…",0.83,medium,What,Page 4,True,,,
E0100,the fork press kit 2023 new brand.pdf,pdf_ocr_page_insight,Risk,ocr,"Page 8: TheFork @) Pay
TheFork's innovative in-app
contactless payment solution.
Going to a restaurant is a quest for a quality experience and moment.
But a sticking point exists in most cases, the final payment. Indeed, for
restaurateurs, there is a risk of error on the bills and payment requires the
provision of a server, For consumers, the payment experience is experienced
as a waiting time, often considered too long and therefore painful.
In order to reduce these irritants and offer the smoothest possible restaurant
experience, TheFork has Launched in 2020 TheFork Pay, This new feature,
already used by 30 O00 restaurants in France, Italy and Spain, allows users to
pay the bill directly from the TheFork application at the partner restaurants.
Discover its benefits for Restaurants and d…",0.83,medium,What,Page 8,True,,,
E0101,the fork press kit 2023 new brand.pdf,pdf_ocr_page_insight,Claim,ocr,"Page 9: TheFork and restaurateurs:
a win-win model!
At TheFork, as pioneers in offering digital solutions for
management booking for restaurants, we are
supporting restaurants in their digitalisation so that
they get the most out of the digital technology, and
optimise the management of their activity and their
results, thus allowing us to contribute to the growth of
the restaurant industry.
indeed, a PwC study carried out on behalf of TheFork
and TripAdvisor reveals that the two leaders contributed
to the global growth of the restaurant industry, to the
tune of 7.2 billion euros, including 1.6 billion in France,
and that they also helped to create nearly 12,000 jobs in
France in 2018.
The world is constantly changing... so is the landscape
restaurants work in!
Digital tools bring a whole…",0.83,medium,What,Page 9,True,,,
E0102,the fork press kit 2023 new brand.pdf,pdf_ocr_page_insight,Risk,ocr,"Page 10: Tech at the heart of growth Benefits
TheFork is a pure player that creates a model which ve rresTaurant
disrupted the restaurant industry with the idea of
putting technology at the service of restaurateurs. Since
its inception in 2007, the company has continued to N*1 in online bookings
invest and innovate to offer restaurants an even more App available in 12 countries
efficient solution and allow them to optimize the
management of bookings, streamline operations and
ultimately Improve service and revenues thanks to the Increased online visibility
exposure they benefit from millions of monthly visitors.
20 million visits per month
Higher seat occupancy rate
As a unique connection service between restaurants Be Mes more bookings thanks to specia
and their diners through technology…",0.83,medium,What,Page 10,True,,,
E0103,the fork press kit 2023 new brand.pdf,pdf_ocr_page_insight,Claim,ocr,"Page 11: The fight against the
no-shows
This client behaviour is becoming increasingly
widespread in many different industries and services
involving bookings. It describes a person or customer
who fails to show up for their reservation or
appointment and did not give prior notice to the
professional. This phenomenon is impacting not only
the restaurant industry, but it also becoming an issue
across society as it has repercussions when it happens
to hotels, to healthcare professionals as well as small
traders such as hairdressers!
Booking a table online for lunch or dinner ina
restaurant does give greater freedom to customers,
however not honouring this booking is rather a
reflection of current attitudes in our society. With the
fast-paced lives that we all lead, consumerism going
out of …",0.83,medium,What,Page 11,True,,,
E0111,the fork press release new brand (1)_0.pdf,pdf_page_insight,Claim,text_layer,"Page 1: PRESS RELEASE
TheFork innovates and unveils two major
projects to drive the restaurant industry
towards a 100% digital transition of bookings.
TheFork is embracing a fully digital future for restaurants with the launch of revenue
management, the data analysis tool serving business performance.
The company unveils its new brand identity, to increase its impact and connect more
diners with restaurants.
22/06/2023
Created in 2007, TheFork, the leading online restaurant booking platform in Europe, has
disrupted the restaurant industry by supporting the digitalization of the restaurant sector with
the ambition of putting the best of technology at the service of industry growth. Driven by this
strong will, the company is launching two major projects, which will offer restaurants a more
…",0.83,high,What,Page 1,False,,,
E0112,the fork press release new brand (1)_0.pdf,pdf_page_insight,Claim,text_layer,"Page 2: ""We are thrilled to unveil our latest breakthrough Revenue Management feature, which we
believe marks a significant milestone in the digitalization of the industry. We believe this feature
is ushering in a new era of maximizing revenue for restaurants, putting the power of data
analytics at their fingertips. Our cutting-edge data analysis enables an evolution in yield
management, shifting the focus from driving more customers to generating the highest
revenues at the best return on investment. We're proud to observe that, on average, for every
euro restaurants spend, they multiply it by 5(d). This accomplishment reinforces our position as a
trusted leader which provides the most effective marketing solutions, not only within the
industry but also more globally. As we pursue this t…",0.83,high,What,Page 2,False,,,
E0113,the fork press release new brand (1)_0.pdf,pdf_page_insight,Claim,text_layer,"Page 3: ●
Bring people together
●
Feed the human spirit
●
Champion restaurant culture
A reinvigorated hero green and extended palette of supporting greens retains brand equity and
is supported by a rich and enticing complementary palette inspired by fresh food that
restaurants refine to delight diners, to add impact, flex and variety. The art direction captures the
excitement and energy of TheFork starring diverse, global food experiences, real food and real
people.
The new logo and visual identity will debut globally from June 22, supported by a media
campaign including a TV spot starring the new brand, and followed by a full rollout by the end of
2023.
About TheFork
TheFork, a Tripadvisor® company, is the leading online restaurant booking platform in Europe &
Australia. At the forefront…",0.83,high,What,Page 3,False,,,
E0114,TheFork Press Release Trends_0.pdf,pdf_page_insight,Risk,text_layer,"Page 1: PRESS RELEASE
Food trends 2023: TheFork and NellyRodi
unveil the upcoming evolutions
TheFork, leading platform for restaurants booking in Europe, presents the 2023
Food trends study in partnership with NellyRodi, international innovation and
creativity agency.
January 2023
The past few years have been ones marked by societal changes due to the impact of the
pandemic
that
have
profoundly
transformed
people's
behavior.
However, after a
long-awaited return to normality, society has kept confronting a number of geopolitical,
economic, environmental, and identity-led challenges. These challenges, along with the
uncertainty of which path is the right one to take, have been translated into a
bi-polarization between those who wish to take back the old know-how seeking reality
and those wh…",0.83,high,What,Page 1,False,,,
E0117,TheFork Press Release Trends_0.pdf,pdf_page_insight,Claim,text_layer,"Page 4: implementation of a holistic vision of food, social and united, rich in taste as well as
responsible and sustainable.
●
Crave of reality: On social networks, the analysis is the same: sincerity, realism,
genuineness and legitimacy. Having all the filters available on social media
platforms, people don’t want to see pictures with filters on them anymore, they are
looking for raw and pure content. For instance, content producers who tell their
stories and how they feel doing that are becoming the most appealing ones. This is
the case of Eugenia Diaz who shares her daily farm life explaining the work of a
year growing her vegetable garden, recreating a farm, and building her tiny house.
Enlightening sharing
Nowadays people are not only expecting chefs to serve them sustainable and et…",0.83,high,What,Page 4,False,,,
E0118,TheFork Press Release Trends_0.pdf,pdf_page_insight,Claim,text_layer,"Page 5: Voracious wishes
This digitalization of society increased the need for speed. Nowadays, consumers are
looking to have what they want the fastest possible. This came with new ways of
discovering and consuming goods.
●
Tik Tok: Food industry is taking over social media. 5 in 10 of millennials have
ordered food or visited a restaurant after seeing it on TikTok, 38% of people are
traveling a long distance from their homes to try TikTokrecommended food, and
28%, on the other hand, are spending half of their pay on trying new foods*.
Besides, it has to lead to a new way of consuming by people getting wild to have
what they are seeing: recommendations from influencers or random people or just
crave of what is broadcasted on the app. Among the tens of thousands of videos
posted on TikTok …",0.83,high,What,Page 5,False,,,
E0119,TheFork Press Release Trends_0.pdf,pdf_page_insight,Claim,text_layer,"Page 6: experience for a culinary trip around the world, prepared by Michelin-starred chefs
as part of the Great Feast festival at the Old Selfridges Hotel.
LOOKING TO PERFORM
More aware than ever of the repercussions of climate change, people are looking for
effective solutions for their health and for the environment: food is not just food, they want
to seek the origin of the ingredients. If in 2022 people were using alternative medicines
and new ingredients to solve their issues; today, technology is coming to the front stage.
Opposite direction
Some people like to go against the tide. By ideological beliefs, because of reason… they are
seeing how far the world went and decide to go the opposite way.
●
Real aesthetics: On Instagram is emerging a new trend of sharing raw daily dishes..
…",0.83,high,What,Page 6,False,,,
E0120,TheFork Press Release Trends_0.pdf,pdf_page_insight,Claim,text_layer,"Page 7: the food industry's environmental impact. Californian startup Air Protein has
created a meat alternative titled Air Meat, made from microbes that turn recycled
carbon dioxide into protein. The product aims to replicate the flavour and texture
of real meat products.
●
Innovations: Some scientists and searchers are already looking for solutions to
produce food, once no more lands will be cultivable. Central Saint Martins graduate
Arina Shokouhi invented an avocado alternative named Ecovado, designed to
break people away from purchasing resource-intensive imported food.
About TheFork
TheFork, a Tripadvisor® company, is the leading online restaurant booking platform in
Europe & Australia. At the forefront of championing restaurant culture, TheFork harnesses
technology to foster real l…",0.83,high,What,Page 7,False,,,
E0121,thefork-leadership-management-transition.pdf,pdf_page_insight,Claim,text_layer,"Page 1: For Immediate Release
Tripadvisor and TheFork Announce Leadership Management Transition as Bertrand
Jelensperger Moves into Advisory Board Leadership Role and Almir Ambeskovic is
Appointed as CEO for TheFork
●
Jelensperger to Join Tripadvisor CEO and Cofounder, Stephen Kaufer, on a Newly
Created Advisory Board for TheFork, Overseeing Strategy and Growth
●
Ambeskovic to Assume CEO Role starting March 1, 2021, Leading Global Strategy
Development and Operations for TheFork
Needham, MA, and Paris, France, February 23, 2021,​ ​Tripadvisor​®​, the world’s largest travel
guidance platform, and ​TheFork​, a leading global platform for booking restaurants, today
announced a key management transition at La Fourchette SaS (known commercially as
TheFork.com).
The Fork’s co-founder and CEO, Be…",0.83,high,What,Page 1,False,,,
E0122,thefork-leadership-management-transition.pdf,pdf_page_insight,Claim,text_layer,"Page 2: again dine out. We will be alongside restaurateurs to support them as they reopen and navigate
this post-pandemic era​,” added Ambeskovic.
Prior to being appointed as CEO, Almir was Vice President Sales and Marketing for TheFork, a
role in which he was responsible for the growth of the business in all the countries within
twenty-two markets where TheFork operates. Almir has directly led several countries as general
manager at TheFork since 2015. He began his career with TheFork in 2014 as Italy Country
Manager following the acquisition by Tripadvisor of RestOpolis, an online restaurants
reservation startup he founded and led since 2011.
Born in Sarajevo in 1977, Almir began his career as a consultant and entrepreneur in the IT
sector. First as start-up entrepreneur founding three …",0.83,high,What,Page 2,False,,,
E0123,thefork-leadership-management-transition.pdf,pdf_page_insight,Claim,text_layer,"Page 3: TheFork, a Tripadvisor company, is the leading online restaurant reservation platform.
TheFork’s mission is to connect diners with a network of nearly 80,000 partner restaurants
worldwide. With 22 million reviews and 28 million downloads of its app, TheFork has become
the smart move to make to get a table. Through TheFork (website and app), as well as through
Tripadvisor, users can easily select a restaurant according to their preferences, consult  user
reviews, check real-time availability and instantly book online 24/7. From the restaurant side,
TheFork provides them with a software  solution, TheFork Manager, to optimise reservation
management, streamline operations and ultimately improve service and revenue. The platform
operates in 22 countries as “TheFork"" in France, Italy, …",0.83,high,What,Page 3,False,,,
E0133,amex_the_fork.docx,docx_insight,Claim,paragraph,"The proposed acquisition builds on American Express’ broader dining strategy and its successful acquisitions of digital dining platforms Resy and Tock. Together, these platforms are expected to expand American Express’ dining network to 75,000 bookable venues1.",0.825,medium,What,DOCX,,,,
E0134,amex_the_fork.docx,docx_insight,Claim,paragraph,"With the proposed acquisition of TheFork, American Express would grow its dining offerings in Europe and strengthen its ability to provide access for Card Members and diners to sought-after restaurants, while supporting the continued growth of its international business, a major driver of the company’s overall growth.",0.825,medium,What,DOCX,,,,
E0153,Trip Advisor.docx,docx_insight,Claim,paragraph,"""This agreement reflects two things we believe deeply: the tangible value across Tripadvisor Group's portfolio and our ongoing focus on the opportunity we see ahead in Experiences,"" said  Matt Goldberg, CEO, Tripadvisor Group. ""We're proud of what we've built with TheFork and grateful for the team's work to secure a leading position in European dining. I'm confident that we've found an ideal home for them and look forward to expanding our relationship with American Express in the future.""",0.825,medium,What,DOCX,,,,
E0136,amex_the_fork.docx,docx_insight,Claim,paragraph,"""TheFork was created to help restaurants thrive and to make it easier for diners to discover and enjoy great restaurants,” said Almir Ambeskovic, Chief Executive Officer of TheFork. “With Tripadvisor's support, we've built one of Europe's leading dining platforms. American Express shares our commitment to innovation, service and hospitality. Together, we have a unique opportunity to accelerate our mission, bringing even more value to restaurants while creating richer and more seamless experiences for millions of diners across Europe.""",0.762,medium,What,DOCX,,,,
E0139,amex_the_fork.docx,docx_insight,Claim,paragraph,"The proposed transaction is expected to close before the end of 2026, subject to labor consultation and customary conditions, including regulatory approvals. Under the terms of the proposal, American Express will acquire TheFork from Tripadvisor for $700 million in cash, subject to customary adjustments.

1 Venue figures are based on American Express and TheFork internal company records as of June 2026. Methodologies may differ across platforms, and combined figures reflect company estimates at the time of announcement.",0.762,medium,What,DOCX,,,,
E0158,yahoo_finance_2.docx,docx_insight,Claim,paragraph,American Express Expands Dining Ecosystem With TheFork Acquisition From Tripadvisor,0.762,medium,What,DOCX,,,,
E0159,yahoo_finance_2.docx,docx_insight,Claim,paragraph,"American Express (NYSE:AXP) is increasing its focus on dining and experiences, adding TheFork's more than 50,000 European restaurants to its existing network. Once completed, the acquisition is expected to expand American Express's global dining ecosystem to around 75,000 bookable venues, reinforcing its position in premium travel and lifestyle services.",0.762,medium,What,DOCX,,,,
E0160,yahoo_finance_2.docx,docx_insight,Claim,paragraph,"For investors, this move ties into ongoing themes around card issuers seeking more engagement, higher spend per customer, and differentiated rewards. As the deal progresses toward an expected late 2026 close, attention is likely to center on integration, regulatory review, and how effectively American Express converts this larger dining footprint into cardmember activity and merchant relationships.",0.762,medium,What,DOCX,,,,
E0166,yahoo_finance_2.docx,docx_insight,Claim,paragraph,"The specific impact of owning a large European dining platform on American Express's reliance on the US market is not fully reflected in the narrative, yet it may contribute to the goal of more diversified international earnings.",0.762,medium,What,DOCX,,,,
E0154,Trip Advisor.docx,docx_insight,Claim,paragraph,"The transaction is expected to provide Tripadvisor with significant flexibility to accelerate its capital return policy, maintain a well-capitalized balance sheet, and continue investing in its Experiences business to drive shareholder value. The companies also see opportunities to build on their existing relationship and deliver additional value to travelers over time.",0.762,medium,What,DOCX,,,,
E0155,Trip Advisor.docx,docx_insight,Claim,paragraph,"""In addition to welcoming TheFork to the American Express family, we're excited about the opportunity to deepen our relationship with Tripadvisor going forward,"" said Stephen Squeri, Chairman and CEO, American Express. ""By building on our shared strengths across dining, travel, and experiences, we have opportunities to create even greater value for customers and partners.""",0.762,medium,What,DOCX,,,,
E0142,Reuters.docx,docx_insight,Claim,paragraph,"The deal will ⁠allow Tripadvisor to focus more on its experiences-led strategy as part of a major overhaul, the ​company said.",0.762,medium,What,DOCX,,,,
E0143,Reuters.docx,docx_insight,Claim,paragraph,"For American Express, buying TheFork will expand its dining network to 75,000 bookable ​venues and bolster its international business, which has been its fastest-growing segment for many years. It also builds on its acquisitions of dining platforms Resy and Tock.",0.762,medium,What,DOCX,,,,
E0144,Reuters.docx,docx_insight,Claim,paragraph,"""Dining is one of the most important ways ​people engage with our brand,"" said Rafa Marquez, president of international card services ​at American Express.",0.762,medium,What,DOCX,,,,
E0106,the fork press kit 2023 new brand.pdf,pdf_table_insight,Metric,text_layer,PDF Table on page 6 (1 rows × 2 cols):  | ,0.72,high,What,Page 6,,['thefork-leadership-management-transition.pdf'],"['E0107', 'E0108', 'E0109', 'E0110', 'E0126', 'E0128']",
E0124,thefork-leadership-management-transition.pdf,pdf_table_insight,Metric,text_layer,"PDF Table on page 1 (3 rows × 1 cols): For Immediate Release
Tripadvisor and TheFork Announce Leadership Management Transition as Bertrand
Jelensperger Moves into Advisory Board Leadership Role and Almir Ambeskovic is
Appointed as CEO for TheFork
● Jelensperger to Join Tripadvisor CEO and Cofounder, Stephen Kaufer, on a Newly
Created Advisory Board for TheFork, Overseeing Strategy and Growth
● Ambeskovic to Assume CEO Role starting March 1, 2021, Leading Global Strategy
Development and Operations for TheFork
Needham, MA, and Paris, France, February 23, 2021, Tripadvisor® ​, the world’s largest travel
​​ ​
guidance platform, and TheFork, a leading global platform for booking restaurants, today
​ ​
announced a key management transition at La Fourchette SaS (known commercially as
TheFork.com…",0.72,high,What,Page 1,,,,
E0130,amex_the_fork.docx,docx_insight,Claim,paragraph,American Express – link https://www.americanexpress.com/en-us/newsroom/articles/travel-and-dining/american-express-announces-proposed-acquisition-of-thefork--a-le.html,0.7,medium,What,DOCX,,,,
E0131,amex_the_fork.docx,docx_insight,Claim,paragraph,"NEW YORK — American Express (NYSE: AXP) today announced a proposed acquisition of TheFork, a leading online restaurant reservation and management platform in Europe, from Tripadvisor, Inc. (NASDAQ: TRIP), growing its dining offering in the region.",0.7,medium,What,DOCX,,,,
E0132,amex_the_fork.docx,docx_insight,Claim,paragraph,"TheFork connects millions of diners with more than 50,000 restaurants across 11 European countries through its restaurant management, booking and customer engagement platform, alongside a consumer-facing restaurant discovery and reservation app and website.",0.7,medium,What,DOCX,,,,
E0137,amex_the_fork.docx,docx_insight,Claim,paragraph,"Founded in 2007, TheFork provides restaurants with reservation management, guest engagement and operational tools designed to help restaurants optimize their businesses while delivering a seamless discovery and booking experience for diners.",0.7,medium,What,DOCX,,,,
E0138,amex_the_fork.docx,docx_insight,Claim,paragraph,"Following the closing of the potential transaction, TheFork would continue to operate under its existing leadership team while benefiting from the global reach and powerful backing of American Express.",0.7,medium,What,DOCX,,,,
E0161,yahoo_finance_2.docx,docx_insight,Claim,paragraph,3 things going right for American Express that this headline doesn't cover.,0.7,medium,What,DOCX,,,,
E0163,yahoo_finance_2.docx,docx_insight,Claim,paragraph,How This Fits Into The American Express Narrative,0.7,medium,What,DOCX,,,,
E0164,yahoo_finance_2.docx,docx_insight,Claim,paragraph,TheFork builds on the narrative focus on premium cardmembers and experience-led rewards by adding thousands of European venues where American Express can link payments with dining benefits.,0.7,medium,What,DOCX,,,,
E0165,yahoo_finance_2.docx,docx_insight,Claim,paragraph,Integrating multiple reservation platforms across regions could test the narrative assumption that customer engagement expenses and product investment remain well controlled over time.,0.7,medium,What,DOCX,,,,
E0167,yahoo_finance_2.docx,docx_insight,Claim,paragraph,Knowing what a company is worth starts with understanding its story. Check out one of the top narratives in the Simply Wall St Community for American Express to help decide what it's worth to you.,0.7,medium,What,DOCX,,,,
E0149,Trip Advisor.docx,docx_insight,Claim,paragraph,Tripadvisor Enters into Agreement to Sell TheFork to American Express for $700 Million,0.7,medium,What,DOCX,,,,
E0150,Trip Advisor.docx,docx_insight,Claim,paragraph,Transaction highlights the value of Tripadvisor's portfolio and enables greater focus on experiences,0.7,medium,What,DOCX,,,,
E0151,Trip Advisor.docx,docx_insight,Claim,paragraph,"NEEDHAM, Mass., June 15, 2026 /PRNewswire/ -- Tripadvisor, Inc. (NASDAQ: TRIP) (the ""Company"") today announced it has entered into a put option agreement to sell TheFork, its online restaurant reservation and management platform in Europe, to American Express for $700 million in an all-cash transaction.",0.7,medium,What,DOCX,,,,
E0152,Trip Advisor.docx,docx_insight,Claim,paragraph,"The agreement follows Tripadvisor's February 2026 announcement that it would explore strategic alternatives for TheFork. It recognizes the value created in the business over more than a decade, and allows Tripadvisor to focus even more fully on its Experiences strategy.",0.7,medium,What,DOCX,,,,
E0156,Trip Advisor.docx,docx_insight,Claim,paragraph,"The proposed transaction is expected to close before the end of 2026, subject to labor consultation and customary closing conditions, including regulatory approvals. The Company anticipates minimal tax cost from the sale of TheFork, with net proceeds expected to closely approximate the gross proceeds.  Potential uses of proceeds include share repurchases, debt paydown, or inorganic investment within the experiences category.",0.7,medium,What,DOCX,,,,
E0157,Trip Advisor.docx,docx_insight,Claim,paragraph,"As of the first quarter of 2026, the Company's last reported period, the last twelve-month revenue for TheFork was $232 million and adjusted EBITDA for TheFork segment for the same period was $28 million.",0.7,medium,What,DOCX,,,,
E0140,Reuters.docx,docx_insight,Claim,paragraph,"June 15 (Reuters) - American Express (AXP.N) will buy restaurant booking platform TheFork from ‌Tripadvisor (TRIP.O) in an all-cash deal worth $700 million, the companies said on Monday, sending shares of the online travel platform up 7% in morning trading.",0.7,medium,What,DOCX,,,,
E0141,Reuters.docx,docx_insight,Claim,paragraph,"Activist investor Starboard Value had in October last year pressed ​for TheFork's sale, as Tripadvisor struggled to recover from pandemic-era disruptions and contend ​with heavy competition from rivals including Booking Holdings (BKNG.O) and Airbnb (ABNB.O).",0.7,medium,What,DOCX,,,,
E0145,Reuters.docx,docx_insight,Claim,paragraph,"TheFork generated $232 million in revenue for the year ended March 31, a 25% jump ‌from a ⁠year earlier, showed Tripadvisor's earnings report. The platform connects millions of diners with more than 50,000 restaurants across 11 European countries, according to the companies.",0.7,medium,What,DOCX,,,,
E0146,Reuters.docx,docx_insight,Claim,paragraph,"""We see the deal as a plus (for Tripadvisor), but talk of using proceeds to fund ongoing investment in the ​experiences business could ​be an area of ⁠investor pushback as it suggests no plans to explore options at this point for Viator,"" said BTIG analyst Jake Fuller. Viator is ​a Tripadvisor-owned online marketplace for tours, activities and attractions.",0.7,medium,What,DOCX,,,,
E0147,Reuters.docx,docx_insight,Claim,paragraph,"Meanwhile, analysts ​at William ⁠Blair said the deal was consistent with American Express’ focus on providing premium experiences and driving more customer engagement.",0.7,medium,What,DOCX,,,,
E0148,Reuters.docx,docx_insight,Claim,paragraph,TheFork will continue to operate under its existing leadership and the ⁠transaction is ​expected to close before the end of 2026.,0.7,medium,What,DOCX,,,,
E0125,thefork-leadership-management-transition.pdf,pdf_table_cell,Metric,table_cell,"PDF table cell (p1 r0 c0): For Immediate Release
Tripadvisor and TheFork Announce Leadership Management Transition as Bertrand
Jelensperger Moves into Advisory Board Leadership Role and Almir Ambeskovic is
Appointed as CEO for TheFork
● Jelensperger to Join Tripadvisor CEO and Cofounder, Stephen Kaufer, on a Newly
Created Advisory Board for TheFork, Overseeing Strategy and Growth
● Ambeskovic to Assume CEO Role starting March 1, 2021, Leading Global Strategy
Development and Operations for TheFork
Needham, MA, and Paris, France, February 23, 2021, Tripadvisor® ​, the world’s largest travel
​​ ​
guidance platform, and TheFork, a leading global platform for booking restaurants, today
​ ​
announced a key management transition at La Fourchette SaS (known commercially as
TheFork.com).
The Fork’…",0.7,medium,What,Page 1,,,,
E0127,thefork-leadership-management-transition.pdf,pdf_table_cell,Metric,table_cell,"PDF table cell (p2 r1 c0): again dine out. We will be alongside restaurateurs to support them as they reopen and navigate
this post-pandemic era,” added Ambeskovic.
​
Prior to being appointed as CEO, Almir was Vice President Sales and Marketing for TheFork, a
role in which he was responsible for the growth of the business in all the countries within
twenty-two markets where TheFork operates. Almir has directly led several countries as general
manager at TheFork since 2015. He began his career with TheFork in 2014 as Italy Country
Manager following the acquisition by Tripadvisor of RestOpolis, an online restaurants
reservation startup he founded and led since 2011.
Born in Sarajevo in 1977, Almir began his career as a consultant and entrepreneur in the IT
sector. First as start-up entrepre…",0.7,medium,What,Page 2,,,,
E0129,thefork-leadership-management-transition.pdf,pdf_table_cell,Metric,table_cell,"PDF table cell (p3 r1 c0): TheFork, a Tripadvisor company, is the leading online restaurant reservation platform.
TheFork’s mission is to connect diners with a network of nearly 80,000 partner restaurants
worldwide. With 22 million reviews and 28 million downloads of its app, TheFork has become
the smart move to make to get a table. Through TheFork (website and app), as well as through
Tripadvisor, users can easily select a restaurant according to their preferences, consult user
reviews, check real-time availability and instantly book online 24/7. From the restaurant side,
TheFork provides them with a software solution, TheFork Manager, to optimise reservation
management, streamline operations and ultimately improve service and revenue. The platform
operates in 22 countries as “TheFork"" i…",0.7,medium,What,Page 3,,,,
E0168,yahoo_quartz.docx,docx_insight,Claim,paragraph,American Express buys TheFork from Tripadvisor for $700M,0.7,medium,What,DOCX,,,,
E0169,yahoo_quartz.docx,docx_insight,Claim,paragraph,"American Express agreed to acquire TheFork, Tripadvisor's European restaurant booking platform, for $700 million in an all-cash transaction, the companies said on Monday.",0.7,medium,What,DOCX,,,,
E0170,yahoo_quartz.docx,docx_insight,Claim,paragraph,"The platform operates in 11 European countries, giving diners access to a network of more than 50,000 restaurants. With the purchase, American Express would bring its total bookable dining venues to 75,000, adding to a portfolio that already includes the Resy and Tock platforms, according to Reuters. Tripadvisor stock rose 7% in morning trading following the announcement.",0.7,medium,What,DOCX,,,,
E0171,yahoo_quartz.docx,docx_insight,Claim,paragraph,"For Tripadvisor, the sale follows a Feb. 2026 announcement that the company would explore strategic alternatives for TheFork. The transaction allows Tripadvisor to concentrate on its experiences-focused strategy, the company said. Potential uses of the proceeds include share repurchases, debt reduction, or investment in the experiences business.",0.7,medium,What,DOCX,,,,
E0172,yahoo_quartz.docx,docx_insight,Claim,paragraph,"TheFork generated $232 million in revenue and $28 million in adjusted EBITDA for the twelve months ended March 31, 2026, the company said.",0.7,medium,What,DOCX,,,,
E0174,yahoo_quartz.docx,docx_insight,Claim,paragraph,"American Express Chairman and CEO Stephen Squeri said the deal also opens opportunities to deepen the company's relationship with Tripadvisor. ""By building on our shared strengths across dining, travel, and experiences, we have opportunities to create even greater value for customers and partners,"" Squeri said in a statement.",0.7,medium,What,DOCX,,,,
E0175,yahoo_quartz.docx,docx_insight,Claim,paragraph,"Rafa Marquez, president of international card services at American Express, said dining was central to how customers engage with the brand.",0.7,medium,What,DOCX,,,,
E0176,yahoo_quartz.docx,docx_insight,Claim,paragraph,"The current leadership team at TheFork is expected to remain in place once the acquisition is complete. The transaction is expected to close before the end of 2026, subject to labor consultation and regulatory approvals, the company said. Tripadvisor said it expects minimal tax costs from the sale, with net proceeds expected to closely approximate gross proceeds.",0.7,medium,What,DOCX,,,,
E0177,yahoo_quartz.docx,docx_insight,Claim,paragraph,"Goldman Sachs served as financial advisor to Tripadvisor and TheFork, with Goodwin Procter LLP and Reed Smith LLP serving as legal advisors, the company said.",0.7,medium,What,DOCX,,,,
E0001,EX-10.1.pdf,pdf_page_insight,Claim,text_layer,"Page 1: EX-10.1 2 d156418dex101.htm EX-10.1
Exhibit 10.1
PRIVATE & CONFIDENTIAL
FROM:
AMERICAN EXPRESS TRAVEL RELATED SERVICES COMPANY, INC.
200 Vesey Street
New York, NY 10285
(“Buyer”)
TO:
TRIPADVISOR, INC.
400 1st Avenue
Needham, MA 02494
(“Parent”)
TRIPADVISOR UK HOLDCO LIMITED
10 Norton Folgate, London, United Kingdom, E1 6DB
(“Seller”)
LF HOLDINGS (FRANCE) SAS
70 rue Saint-Lazare
75009 Paris, France
(“Company”)
June 14, 2026
Dear Sirs,
We refer to our recent discussions relating to the contemplated acquisition of the Shares representing all of the issued and outstanding Equity Interests of
LF Holdings (France) SAS, a French simplified joint stock company (société par actions simplifiée), registered with the Trade and Companies Registry
of Paris under number 803 696 509, whose regist…",0.67,medium,What,Page 1,False,,,
E0002,EX-10.1.pdf,pdf_page_insight,Claim,text_layer,"Page 2: 1.
PUT OPTION
1.1
The Buyer hereby irrevocably undertakes to purchase the Shares at the price and under the other terms and subject to the conditions set forth in
the EPA and in this Put Option Agreement, subject only to the delivery by the Seller Parties of a notice to sell the Shares to the Buyer in
accordance with the terms of this Put Option Agreement, the form of which is set out in Schedule B (the “Put Option” and the notice of such
decision being referred to as the “Exercise Notice”). Upon the delivery of the Exercise Notice to the Buyer, each of the Buyer and Seller Parties
shall be bound to execute and deliver the EPA on a date (the “Execution Date”) to be agreed among the Seller Parties and the Buyer; provided
that such Execution Date shall in any event be no later than …",0.67,medium,What,Page 2,False,,,
E0007,EX-10.1.pdf,pdf_page_insight,Claim,text_layer,"Page 7: We look forward to working together towards the completion of this Contemplated Transaction.
/s/ Howard Cheng
AMERICAN EXPRESS TRAVEL RELATED SERVICES COMPANY, INC.
Represented by:
Howard Cheng (Executive Vice President, Head of Corporate
Development)
Buyer
Signature Page to Put Option Agreement
7/10/26, 12:17 AM
EX-10.1
7/86",0.67,medium,What,Page 7,False,,,
E0008,EX-10.1.pdf,pdf_page_insight,Claim,text_layer,"Page 8: The Put Option Agreement is countersigned by the Seller Parties exclusively to acknowledge the agreement of the Seller Parties on its provisions and, in
particular on undertakings, covenants and obligations of the Seller Parties provided therein (which shall be binding on them as from the date hereof). In
no event shall such signature be construed as an exercise of the Put Option by the Seller Parties, which shall only result from the delivery by the Seller
Parties of an Exercise Notice to the Buyer in accordance with the Put Option Agreement.
/s/ Michael Noonan
TRIPADVISOR, INC.
Represented by Michael Noonan, Chief Financial Officer
Parent
/s/ Linda C. Frazier
TRIPADVISOR UK HOLDCO LIMITED
Represented by Linda C. Frazier, Director
Seller
/s/ Linda C. Frazier
LF HOLDINGS (FRANCE) …",0.67,medium,What,Page 8,False,,,
E0010,EX-10.1.pdf,pdf_page_insight,Claim,text_layer,"Page 10: FINAL FORM
EQUITY PURCHASE AGREEMENT
BY AND AMONG
AMERICAN EXPRESS TRAVEL RELATED SERVICES COMPANY, INC.
TRIPADVISOR UK HOLDCO LIMITED
LF HOLDINGS (FRANCE) SAS
and
TRIPADVISOR, INC.
[•], 2026
7/10/26, 12:17 AM
EX-10.1
10/86",0.67,medium,What,Page 10,False,,,
E0044,EX-10.1.pdf,pdf_page_insight,Claim,text_layer,"Page 44: (x) none of the Company-Owned Intellectual Property or Assigned Intellectual Property is involved in any opposition, cancellation,
interference, reissue, review or reexamination proceeding, other than standard prosecution actions issued by the relevant Governmental Body in
the ordinary course, and no such Intellectual Property Rights are the subject of any judicial, administrative or arbitral order, award, decree,
injunction, action or stipulation;
(xi) no material Software owned or purported to be owned by any Group Company is held in escrow, and no Group Company has
disclosed, delivered or licensed to any Person or agreed or obligated itself to disclose, deliver or license to any Person, or permitted the disclosure
or delivery to any escrow agent or other Person of, any such So…",0.67,medium,What,Page 44,False,,,
E0085,EX-10.1.pdf,pdf_page_insight,Claim,text_layer,"Page 85: IN WITNESS WHEREOF, the parties hereto have caused this Equity Purchase Agreement to be executed and delivered by their respective
officers thereunto duly authorized, all as of the date first above written.
PARENT:
TRIPADVISOR, INC.
By:
Name:
Title:
SELLER:
TRIPADVISOR UK HOLDCO LIMITED
By:
Name:
Title:
COMPANY:
LF HOLDINGS (FRANCE) SAS
By:
Name:
Title:
Signature Page to Equity Purchase Agreement
7/10/26, 12:17 AM
EX-10.1
85/86",0.67,medium,What,Page 85,False,,,
E0086,EX-10.1.pdf,pdf_page_insight,Claim,text_layer,"Page 86: IN WITNESS WHEREOF, the parties hereto have caused this Equity Purchase Agreement to be executed and delivered by their respective
officers thereunto duly authorized, all as of the date first above written.
BUYER:
AMERICAN EXPRESS TRAVEL RELATED
SERVICES COMPANY, INC.
By:
Name:
Title:
Signature Page to Equity Purchase Agreement
7/10/26, 12:17 AM
EX-10.1
86/86",0.67,medium,What,Page 86,False,,,
E0093,Final 15 YEARS PRESS RELEASE  (1).pdf,pdf_page_insight,Claim,text_layer,"Page 4: experiences, reserve tables at delicious restaurants and discover great places nearby. As a travel
guidance company available in 43 markets and 22 languages, Tripadvisor makes planning easy no
matter the trip type. The subsidiaries of Tripadvisor, Inc. (Nasdaq: TRIP), own and operate a portfolio
of travel media branAds and businesses, operating under various websites and apps.
* Source: SimilarWeb, unique users de-duplicated monthly, March 2023
** Source: Tripadvisor internal log files
*Internal datas TheFork
**Euromonitor datas on European countries (FR, IT, ES, CH, UK, PT, NL)
*** Euromonitor study on 5024 respondents (FR, IT, ES, CH, UK, PT, NL)
****Food and Agriculture Organization of the United Nations (FAO), 2013",0.67,medium,What,Page 4,False,,,
E0094,the fork press kit 2023 new brand.pdf,pdf_ocr_page_insight,Claim,ocr,"Page 2: TheFork is the leader in online restaurant
bookings in Europe and Australia.
Founded in 2007, the platform
revolutionised the restaurant market by
offering a new way to foster
relationships between restaurants and
diners, and by providing the first online
booking diary for professionals.
TheFork,
a digital success story.
In the early 2000s, Bertrand Jelensperger and his associates noticed that there
were almost no online guides, while in print Michelin had done some
spectacular work in establishing itself as THE reference in gastronomic guides,
however on the Internet, everything remained to be done. It was around the
same time that he has become familiar to the Yield Management mechanism
(i.e. pricing policy and demand driven seat optimisation). At that point, the idea
of a resta…",0.67,medium,What,Page 2,True,,,
E0097,the fork press kit 2023 new brand.pdf,pdf_ocr_page_insight,Claim,ocr,"Page 5: The essential
partner of foodies
eer secnerusr #. nk ae Heeet z ~ | bas Saat ~~ A>
eve WwW Tease 2 =i FEF ; « eri liels
4 A= Ewe CF el .% ""iI 4 a we)
At TheFork, we believe that every occasion, big
or small, planned or unexpected, deserves the
right restaurant! With nearly 60 partner
restaurants in France, and nearly 55,000
worldwide, we offer a wide choice of restaurants
to meet all preferences, with discounts of up to
50%, all bookable in one click on the mobile app,
24 hours a day! Much more than a restaurant
booking website, TheFork has become a true
urban, gastronomic guide with a strong
community.
In order to choose the best option, diners can
read the reviews posted by our active
community comprising several million foodies:
reviews are a way to guide customers, to inform
t…",0.67,medium,What,Page 5,True,,,
E0098,the fork press kit 2023 new brand.pdf,pdf_ocr_page_insight,Claim,ocr,"Page 6: TheFork@) Yums
TheFork rewards the appetite and lo
custome
The more you t out In re
opportunities TheFork wi
aurants, the m
offer for spending extra
or with friends
they can be converted into 10 €
in partner aurants that are
am",0.67,medium,What,Page 6,True,,,
E0099,the fork press kit 2023 new brand.pdf,pdf_ocr_page_insight,Claim,ocr,"Page 7: TheFork gift card
TheFork Gift Card, the first gift card that allows users to enjoy a
restaurant experience in more than 30,000 partner restaurants
The moments shared at restaurants are part of those pleasures that it is now
possible to offer thanks to the TheFork Gift Card, which can be used in more
than 30,000 partner restaurants across France, Italy and Spain through
TheFork Pay payment solution, including high end restaurants, local
gastronomy or cuisines from around theworld, bookable 24/24 with immediate
confirmation.
This is the broadest offer to gift a restaurant experience ever and hence quite
news for the market. TheFork Gift Card is suitable for any occasion and for
everyone! With its wide choice in France, but also in Italy and Spain with more
than 25,000 partner resta…",0.67,medium,What,Page 7,True,,,
E0104,the fork press kit 2023 new brand.pdf,pdf_ocr_page_insight,Claim,ocr,"Page 12: Biography Almir Ambeskovic,
CEO TheFork
Prior to being appointed as CEO, Almir was Vice
President Sales and Marketing for TheFork, a role in
which he was responsible for the growth of the
business in all the countries within twenty-two
markets where TheFork operates. Almir has directly
led several countries as general manager at TheFork
since 2015. He began his career with TheFork in 2014
as Italy Country Manager following the acquisition by
Tripadvisor of RestOpolis, an online restaurants
reservation startup he founded and led since 2011.
Born in Sarajevo in 1977, Almir began his career as a
consultant and entrepreneur in the IT sector. First as
start-up entrepreneur founding three companies,
then as top manager of a digital scale-up as TheFork,
Almir has always been active as a…",0.67,medium,What,Page 12,True,,,
E0115,TheFork Press Release Trends_0.pdf,pdf_page_insight,Claim,text_layer,"Page 2: restaurants implementing this technique. Besides, the valorization of indigenous
cuisine also underscores this trend of preserving traditions. Braise in Paris, or Brat
in London are taking back primal-fire cooking techniques to offer their diners a
different experience based on the most primitive traditions.
●
Indigenous cuisine: The return and valorization of indigenous cuisine also
underscores this trend of preserving traditions. North American Traditional
Indigenous Food Systems like Food Lab or Wahpepah’s Kitchen in Oakland are
some of the examples that are taking back the glorification of indigenous food
traditions in the US.
●
Back to spirits: After the trend of natural wines, and mixology, it is the spirits that
are put at the front of the stage. Consumers are now taking a …",0.67,medium,What,Page 2,False,,,
E0116,TheFork Press Release Trends_0.pdf,pdf_page_insight,Claim,text_layer,"Page 3: knowledgeable people of traditions and know-how, grandmas become the best
guides and are put in the spotlight in books like Merci Mamie pour les recettes by
Jean Imbert, and social media accounts like Nonna Dora and Pasta Grannies.
●
Supportive cuisine: The restaurant & associations involved the new migrant
communities to understand and highlight their culture. The kitchen is a great way
to support and integrate other cultures and people into our lives. Imad’s Syrian
Kitchen in London is a perfect example of this trend. Also, new migrants and
refugees from places like Hong Kong, Ukraine, Russia and Poland may bring more
access to these cuisines in 2023.
LOOKING TO SHARE
After some years of imposed social distancing, people are more willing than ever to retake
human contact, willin…",0.67,medium,What,Page 3,False,,,
E0022,EX-10.1.pdf,pdf_page_insight,Claim,text_layer,"Page 22: “Replacement Marks” has the meaning set forth in Section 6.13(f).
“Report” has the meaning set forth in Section 6.21(a)(i).
“Reservation Service Data” has the meaning set forth in Schedule A.
“Restricted Cash” means any cash or cash equivalent that is subject to restrictions or limitations on use or distribution by Law, contract or
otherwise, and that constitutes “restricted cash” in accordance with the Accounting Principles, including: (i) deposits in escrow with third parties and
(ii) cash, cash equivalents, marketable securities or short-term investments, in each case to the extent securing letters of credit or other payment
obligations.
“Restricted Party” means any Person that (i) is listed on any sanctions-related list, restricted party list, or blocked persons list administ…",0.63,high,What,Page 22,False,,,built-in-legal-boilerplate
E0023,EX-10.1.pdf,pdf_page_insight,Claim,text_layer,"Page 23: “Seller Technology” means all works of authorship, computer programs, source code and executable code (whether embodied in Software,
firmware or otherwise), user interfaces, application programming interfaces, protocols, architectures, documentation, designs, files, records, data, data
structures, databases, inventions (whether or not patentable), inventions, discoveries, improvements, technology, trade secrets, proprietary and
confidential information, know-how and information maintained as trade secrets, tools, concepts, techniques, methods, processes, formulae, algorithms
and specifications, in each case owned by, or licensed to, the Seller or any of its Affiliates (other than any Group Company), but excluding any
commercial products or services of the Seller or its Affiliates…",0.63,high,What,Page 23,False,,,built-in-legal-boilerplate
E0026,EX-10.1.pdf,pdf_page_insight,Claim,text_layer,"Page 26: respectively, and (vi) references to any Person include the predecessors, successors and permitted assigns of that Person. The Schedules and Exhibits
referred to herein shall be construed with and as an integral part of this Agreement to the same extent as if they were set forth verbatim herein. Titles to
Articles and headings of Sections are inserted for convenience of reference only and shall not be deemed a part of or to affect the meaning or
interpretation of this Agreement. This Agreement shall be construed without regard to any presumption or rule requiring construction or interpretation
against the party drafting an instrument or causing any instrument to be drafted. Any action otherwise required to be taken on a day that is not a Business
Day shall instead be required to …",0.63,high,What,Page 26,False,,,built-in-legal-boilerplate
E0027,EX-10.1.pdf,pdf_page_insight,Claim,text_layer,"Page 27: (iii) a duly completed, executed and dated (i) share transfer form (ordre de mouvement) and (ii) reiterative deed (acte réitératif),
relating to the sale of the Shares in favor of the Buyer and specifying that the transfer of ownership of the Shares shall occur on the Closing Date;
(iv) the updated share transfer registers (registres des mouvements de titres) and shareholders’ accounts (comptes d’actionnaires) of
the Company;
(v) a counterpart of each Ancillary Agreement to which Parent, Seller or any of their respective Affiliates is a party, duly executed on
behalf of Seller or such Affiliates;
(vi) the certificate contemplated by Section 7.2(e); and
(vii) all books, records, files, documents, correspondence and other materials (whether in physical or electronic form) to the ex…",0.63,high,What,Page 27,False,,,built-in-legal-boilerplate
E0030,EX-10.1.pdf,pdf_page_insight,Claim,text_layer,"Page 30: (30) days after delivery of the Dispute Notice. If Buyer and the Seller so resolve any Disputed Items, the calculation set forth in the Purchase Price
Statement, in each case as adjusted for any Disputed Items that are so resolved by Buyer and the Seller, shall be final and binding as the Final Purchase
Price for purposes of this Agreement and shall be non-appealable by the parties hereto. If Buyer and the Seller are unable to resolve any Disputed Items
within such thirty (30) day period, Buyer and the Seller shall mutually engage and submit such Disputed Item(s) (and only the Disputed Item(s)) to, and
the same shall be finally resolved in accordance with the provisions of this Agreement by an independent, nationally recognized accounting or
consulting firm or other arbitrator wi…",0.63,high,What,Page 30,False,,,built-in-legal-boilerplate
E0032,EX-10.1.pdf,pdf_page_insight,Claim,text_layer,"Page 32: (c) The Company has not issued any Equity Interest other than the Shares, all of which are issued and outstanding and are legally and
beneficially owned by the Seller, free and clear of all Liens other than restrictions on transfer arising under applicable securities Laws. The Shares have
been properly allotted and issued, are fully paid or credited as fully paid and were not issued in violation of any Law, contract, pre-emption rights or
other rights of any Person or the Organizational Documents of the Company. There are no outstanding subscriptions, options, warrants, commitments,
pre-emption rights, agreements, arrangements or commitments of any kind (including long term incentive plans such as stock-options or actions
gratuites) to which the Company is a party relating to the…",0.63,high,What,Page 32,False,,,built-in-legal-boilerplate
E0033,EX-10.1.pdf,pdf_page_insight,Claim,text_layer,"Page 33: Section 3.3 No Conflict; Consents.
(a) Except as set forth in Section 3.3(a) of the Disclosure Schedule, the execution and delivery by the Company of this Agreement and the
Ancillary Agreements and the performance by the Company of the transactions contemplated hereby and thereby in accordance with the terms hereof
and thereof, do not and will not (i) violate, conflict with, result in a default under (whether after the giving of notice, lapse of time or both), accelerate
any obligation under, require the consent, approval, or authorization of any Person under, or give rise to a right of termination of, or require any notice
under, any material contract, agreement, permit, license, authorization or obligation to which any Group Company is a party or by which any Group
Company’s as…",0.63,high,What,Page 33,False,,,built-in-legal-boilerplate
E0034,EX-10.1.pdf,pdf_page_insight,Claim,text_layer,"Page 34: (e) All accounts receivable of the Group Companies shown in the Financial Statements or arising after the Put Option Date (a) are bona
fide and valid receivables arising from sales actually made or services actually performed and arose in the Ordinary Course of Business and (b) are not
subject to any material setoffs, counterclaims, credits or other offsets. No Person has any Lien (other than Permitted Liens) on any accounts receivable
or any part thereof, and no agreement for deduction, free goods or services, discount or other deferred price or quantity adjustment has been made by
any Group Company with respect to any accounts receivable.
Section 3.5 Absence of Undisclosed Liabilities. No Group Company has any material liabilities, obligations or commitments (individually or in…",0.63,high,What,Page 34,False,,,built-in-legal-boilerplate
E0042,EX-10.1.pdf,pdf_page_insight,Claim,text_layer,"Page 42: (xi) any Contract relating to the incurrence or assumption of any Indebtedness for borrowed money by any Group Company, or any
Contract relating to the surety or guarantee of any Indebtedness of another Person by any Group Company;
(xii) any Contract under which any Group Company has made advances or loans to any other Person (which shall not include trade
receivables or advances made to an employee of any Group Company in the Ordinary Course of Business).
(xiii) any Contract required to be disclosed in order for the representations and warranties contained in Section 3.18 (Related Party
Transactions) to be true and correct;
(xiv) any settlement agreement with respect to any Legal Proceeding;
(xv) any confidentiality, secrecy or non-disclosure Contract other than any such Contrac…",0.63,high,What,Page 42,False,,,built-in-legal-boilerplate
E0047,EX-10.1.pdf,pdf_page_insight,Risk,text_layer,"Page 47: (d) The Group Companies have developed and maintained comprehensive and appropriate technical, physical and organizational controls,
policies, procedures, safeguards, measures and security systems, plans and technologies in accordance with all Company Privacy Commitments that
(A) identify internal and external risks to the confidentiality, integrity, and availability of Personal Information, (B) implement, monitor and improve
adequate and effective administrative, technical and physical safeguards to control those risks and (C) include backup, business continuity and disaster
recovery plans, procedures, technology and facilities for the business of the Group Companies.
(e) Neither the execution, delivery and performance of this Agreement nor the consummation of the transactions c…",0.63,high,What,Page 47,False,,,built-in-legal-boilerplate
E0053,EX-10.1.pdf,pdf_page_insight,Claim,text_layer,"Page 53: Section 5.7 Solvency. Immediately after giving effect to the transactions contemplated by this Agreement (including the payment of the Base
Purchase Price and all related amounts), and assuming satisfaction of the conditions to Buyer’s obligation to consummate the purchase and sale of the
Shares as set forth herein, the accuracy of the representations and warranties of the Parent and the Seller, and the performance by the Group Companies,
the Parent and the Seller of their respective obligations hereunder in all material respects, Buyer and its Subsidiaries (including the Company), on a
consolidated basis, will be solvent. Buyer is not entering into the transactions contemplated hereby with the intent to hinder, delay or defraud creditors.
No transfer of property is being made, a…",0.63,high,What,Page 53,False,,,built-in-legal-boilerplate
E0063,EX-10.1.pdf,pdf_page_insight,Claim,text_layer,"Page 63: clauses (i) or (ii), to the extent permitted under applicable Law, such other Party shall make available such information in connection with any filing on
an outside counsel-to-counsel basis. Subject to Buyer allowing Seller to have reasonable consultation rights, including the Seller and its counsel having
advance notice of, and the opportunity to review and comment on, any correspondence or submission to a Governmental Body, Buyer acting in good
faith shall have, except where prohibited by applicable Law, responsibility for determining the strategy for dealing with any Governmental Body
regarding the application of any Antitrust Laws to the transactions contemplated by this Agreement.
(c) Buyer shall use its reasonable best efforts to take promptly, or cause to be taken, any an…",0.63,high,What,Page 63,False,,,built-in-legal-boilerplate
E0066,EX-10.1.pdf,pdf_page_insight,Claim,text_layer,"Page 66: hereby irrevocably sells, assigns, transfers, conveys and delivers (effective as of the Closing), and shall cause its applicable Affiliates to irrevocably sell,
assign, transfer, convey and deliver, to the Company, all right, title and interest of the Seller and such Affiliates in and to such Assigned Intellectual
Property, including:
(i) all goodwill associated therewith;
(ii) all rights to collect royalties, damages and profits for past, present and future infringement, misappropriation or other
violation thereof; and
(iii) all other statutory protections and rights relating thereto.
(c) The Seller shall, and shall cause its applicable Affiliates to, execute such further instruments of assignment, transfer and conveyance
and take such further actions as may be reasonably necess…",0.63,high,What,Page 66,False,,,built-in-legal-boilerplate
E0072,EX-10.1.pdf,pdf_page_insight,Risk,text_layer,"Page 72: readily accessible to any member of the Seller Group (including any Group Company) and access to any relevant Software (including its source
code), systems, personnel, reporting and documentation that is readily accessible to any member of the Seller Group (including any Group
Company), in each case as reasonably requested by Buyer to complete such assessment and generate report(s) setting out such assessment and the
associated risks (each, a “Report”); and
(ii) use commercially reasonable efforts to remediate promptly (and in any event, no later than ten (10) Business Days before
the anticipated Closing Date), in a manner approved in advance by Buyer (and not by taking any actions to which Buyer reasonably objects), any
information security vulnerabilities, risks, Open Source So…",0.63,high,What,Page 72,False,,,built-in-legal-boilerplate
E0081,EX-10.1.pdf,pdf_page_insight,Claim,text_layer,"Page 81: arbitrator, or if one has not been appointed, to a court of competent jurisdiction, for prejudgment remedies and emergency relief pending final
determination of a claim pursuant to this Section 10.8. Subject to Section 10.8(a), each of the Company, Buyer and the Seller hereby irrevocably and
unconditionally consents to submit to the sole and exclusive jurisdiction of the Court of Chancery of the State of Delaware and any state appellate court
therefrom sitting in New Castle County in the State of Delaware (or, if the Court of Chancery of the State of Delaware declines to accept jurisdiction
over a particular matter, any state or federal court within the State of Delaware) (the “Chosen Courts”) solely for purposes of (i) any application for
prejudgment remedies or emergency relief…",0.63,high,What,Page 81,False,,,built-in-legal-boilerplate
E0009,EX-10.1.pdf,pdf_page_insight,Claim,text_layer,"Page 9: Schedule A
Equity Purchase Agreement
7/10/26, 12:17 AM
EX-10.1
9/86",0.62,medium,What,Page 9,False,,,
E0095,the fork press kit 2023 new brand.pdf,pdf_ocr_page_insight,Claim,ocr,"Page 3: reviews
restaurants app downloads
monthly visits
countries",0.62,medium,What,Page 3,True,,,
E0105,the fork press kit 2023 new brand.pdf,pdf_ocr_page_insight,Claim,ocr,"Page 13: Contacts
Presse@Thefork.com",0.62,medium,What,Page 13,True,,,
E0003,EX-10.1.pdf,pdf_page_insight,Claim,text_layer,"Page 3: 2.2
For the purpose of this Put Option Agreement, the date of completion of the Consultation Process shall be the earlier of: (i) the date of the
meeting of the Works’ Council during which the Works’ Council issued its opinion in connection with the Contemplated Transaction and; (ii) if
the Works’ Council has not issued an opinion in connection with the Contemplated Transaction, upon the expiration of the applicable period
provided under Article R. 2312-6 of the French Labor Code or any longer period as may be ordered by the competent court in accordance with
the second-last paragraph of Article L. 2312-15 of the French Labor Code, the date upon which such applicable period or longer period ordered
by the competent court expires.
2.3
The Seller Parties shall use reasonable best ef…",0.47,medium,What,Page 3,False,,,built-in-legal-boilerplate
E0004,EX-10.1.pdf,pdf_page_insight,Claim,text_layer,"Page 4: 2.5
The Buyer undertakes to use reasonable best efforts to co-operate with the Seller Parties with respect to the Consultation Process by:
2.5.1
providing the Seller with any available document or information which the Works’ Council would reasonably request in connection
with the Consultation Process, including, but not limited to, information relating to the Buyer’s background, history and presence in
France, and the Buyer’s perspectives on business conducted by the Group Companies, and potential headcount evolution, subject only,
in each case, to legal or customary confidentiality requirements;
2.5.2
designating a representative to attend any of the Works’ Council meetings, upon written request made by the Seller, and meeting with
members of the Works’ Council where and when re…",0.47,medium,What,Page 4,False,,,built-in-legal-boilerplate
E0005,EX-10.1.pdf,pdf_page_insight,Claim,text_layer,"Page 5: 4.
REGULATORY COMPLIANCE
4.1
Except to the extent prohibited by applicable Law, the parties hereto shall comply with the provisions set forth in Section 6.8 (Regulatory
Compliance) of the EPA, as from the Put Option Date, as if such provisions were set out in this Put Option Agreement and any reference therein
to “this Agreement” or to “the date hereof” (or a similar expression) shall be deemed to be a reference to this Put Option Agreement and the Put
Option Date, respectively.
5.
COVENANTS; REPRESENTATIONS AND WARRANTIES
The Seller Parties hereby agrees to comply with the following provisions of the EPA: Section 6.1 (Interim Operating Covenants), Section 6.9
(Access to Information), Section 6.12 (Transition Services Agreement), Section 6.17 (Sanctions Screening Cooperation), Sec…",0.47,medium,What,Page 5,False,,,built-in-legal-boilerplate
E0006,EX-10.1.pdf,pdf_page_insight,Claim,text_layer,"Page 6: 7.3
If no Exercise Notice has been delivered by the Seller Parties prior to 6:00 pm (ET) on the Expiry Date, then the Seller Parties shall be jointly
and severally liable to pay to Buyer a cash amount equal to $35,000,000 (the “Termination Fee”) no later than the fifth (5th) Business Day after
the Expiry Date by wire transfer of immediately available funds. The parties hereto acknowledge and agree that: (i) this Termination Fee is an
integral part of the transactions contemplated by this Put Option Agreement and is included herein in order to induce Buyer to enter into this Put
Option Agreement; (ii) the Termination Fee does not constitute a penalty; and (iii) in light of the difficulty of accurately determining actual
damages with respect to the foregoing, the right to payment of…",0.47,medium,What,Page 6,False,,,built-in-legal-boilerplate
E0011,EX-10.1.pdf,pdf_page_insight,Claim,text_layer,"Page 11: TABLE OF CONTENTS
Page
ARTICLE I DEFINITIONS
1
Section 1.1
Definitions
1
Section 1.2
Interpretation
12
ARTICLE II PURCHASE AND SALE OF THE SHARES
13
Section 2.1
Agreement to Sell and Purchase
13
Section 2.2
Closing; Closing Deliveries
13
Section 2.3
Purchase Price
14
Section 2.4
Payment of Base Purchase Price
15
Section 2.5
Post-Closing Adjustment to Base Purchase Price
15
Section 2.6
Withholding
18
ARTICLE III REPRESENTATIONS AND WARRANTIES REGARDING THE GROUP COMPANIES
18
Section 3.1
Organization; Power and Authority; Capital Structure
18
Section 3.2
Subsidiaries
19
Section 3.3
No Conflict; Consents
20
Section 3.4
Financial Statements
20
Section 3.5
Absence of Undisclosed Liabilities
21
Section 3.6
Operating in Ordinary Course of Business
21
Section 3.7
Litigation
21
Section 3.…",0.47,medium,What,Page 11,False,,,built-in-legal-boilerplate
E0012,EX-10.1.pdf,pdf_page_insight,Claim,text_layer,"Page 12: TABLE OF CONTENTS
(continued)
Page
ARTICLE V REPRESENTATIONS AND WARRANTIES OF BUYER
38
Section 5.1
Organization; Power and Authority
38
Section 5.2
Authority and Non-Contravention
38
Section 5.3
Investment Status
39
Section 5.4
Brokers
39
Section 5.5
Litigation
39
Section 5.6
Sufficiency of Funds
39
Section 5.7
Solvency
40
Section 5.8
Governmental Orders
40
Section 5.9
Due Diligence Review
40
ARTICLE VI COVENANTS
40
Section 6.1
Interim Operating Covenants
40
Section 6.2
Confidentiality; Publicity
43
Section 6.3
Employees and Employee Benefit Arrangements
44
Section 6.4
Tax Matters
45
Section 6.5
Books and Records
47
Section 6.6
Exclusivity
48
Section 6.7
D&O Indemnification
48
Section 6.8
Regulatory Compliance
49
Section 6.9
Access to Information
50
Section 6.10
Efforts to Consu…",0.47,medium,What,Page 12,False,,,built-in-legal-boilerplate
E0013,EX-10.1.pdf,pdf_page_insight,Claim,text_layer,"Page 13: TABLE OF CONTENTS
(continued)
Page
ARTICLE VIII TERMINATION
61
Section 8.1
Termination
61
Section 8.2
Effect of Termination
62
Section 8.3
Termination Fee
62
ARTICLE IX NON-SURVIVAL OF REPRESENTATIONS AND WARRANTIES; WAIVER
63
Section 9.1
Non-Survival of Representations and Warranties
63
Section 9.2
Waiver
63
Section 9.3
Exclusive Remedy
64
ARTICLE X GENERAL PROVISIONS
64
Section 10.1
Notices
64
Section 10.2
Disclosure Schedules
65
Section 10.3
Binding Effect
65
Section 10.4
Waiver of Conflicts; Deal Communications
65
Section 10.5
Assignment
67
Section 10.6
Severability
67
Section 10.7
Expenses
67
Section 10.8
Arbitration; Choice of Law; Consent to Jurisdiction
67
Section 10.9
WAIVER OF JURY TRIAL
68
Section 10.10
Amendment
68
Section 10.11
No Agreement Until Executed
68
Section …",0.47,medium,What,Page 13,False,,,built-in-legal-boilerplate
E0014,EX-10.1.pdf,pdf_page_insight,Claim,text_layer,"Page 14: EQUITY PURCHASE AGREEMENT
This EQUITY PURCHASE AGREEMENT (the “Agreement”) is dated as of [•], 2026 (the “Agreement Date”), by and among Tripadvisor, Inc.,
a Nevada corporation (“Parent”), TRIPADVISOR UK HOLDCO LIMITED, a private limited company incorporated in England and Wales with
registered number 08279085 and registered address at 10 Norton Folgate, London E1 6DB (the “Seller”), LF HOLDINGS (FRANCE) SAS, a French
simplified joint stock company (société par actions simplifiée), registered with the Trade and Companies Registry of Paris under number 803 696 509
and with registered address at 70 rue Saint-Lazare – 75009 Paris, France (the “Company”), and American Express Travel Related Services Company,
Inc., a New York corporation (“Buyer”). For purposes of this Agreement, capi…",0.47,medium,What,Page 14,False,,,built-in-legal-boilerplate
E0015,EX-10.1.pdf,pdf_page_insight,Claim,text_layer,"Page 15: “Ancillary Agreements” means the Transition Services Agreement and Content Licensing Amendment Agreement.
“Anti-Corruption Laws” means, with respect to any Person, any applicable Law relating to anti-bribery and anti-corruption (governmental or
commercial) in any jurisdiction in which any Group Company is registered or conducts its business, including (i) anti-corruption provisions under
French criminal law (including, if applicable, the provisions of French law No. 2016-1691 of December 9, 2016 relating to transparency, fight against
corruption and modernization of economic life known as “Loi Sapin 2”), (ii) anti-corruption directives and regulations of the European Union, as
implemented into the domestic law of its member states, (iii) the U.S. Foreign Corrupt Practices Act of …",0.47,medium,What,Page 15,False,,,built-in-legal-boilerplate
E0016,EX-10.1.pdf,pdf_page_insight,Claim,text_layer,"Page 16: “Business Day” means any day other than a Saturday, Sunday or other day on which banks in New York, New York, London, England or Paris,
France are authorized or required by Law to remain closed.
“Cash” means, in each case as calculated in accordance with the Accounting Principles, the sum of all cash and cash equivalents of the Group
Companies (other than any Group Company that is undergoing or subject to any dissolution, liquidation or winding-up proceeding), as of a particular
date, net of the aggregate amount of outstanding checks issued by the Group Companies as of the particular date of determination and inclusive of the
aggregate amount of checks received by the Company that have not been deposited or cleared. Notwithstanding the foregoing, (i) Cash shall include
(A) an amo…",0.47,medium,What,Page 16,False,,,built-in-legal-boilerplate
E0017,EX-10.1.pdf,pdf_page_insight,Claim,text_layer,"Page 17: “Company Products” means all products, functionalities, services, platforms, applications and websites produced, marketed, licensed, sold,
distributed, offered or performed by or on behalf of any Group Company, including the TheFork and TheForkPay applications and platforms, and all
products currently or expected to be under development by any Group Company, and any underlying Software source code of any such products,
functionality, services, platforms, applications and websites.
“Company Registered Intellectual Property” means all Company-Owned Intellectual Property and all Assigned Intellectual Property, in each
case, issued by, registered with, renewed by or the subject of a pending application before any Governmental Body or domain name registrar.
“Company Software” has the …",0.47,medium,What,Page 17,False,,,built-in-legal-boilerplate
E0018,EX-10.1.pdf,pdf_page_insight,Claim,text_layer,"Page 18: “ERISA Affiliate” means any entity, trade or business that is, or at any applicable time was, a member of a group described in Section 414(b), (c),
(m) or (o) of the Code or Section 4001(b)(1) of ERISA that includes the Company.
“Equity Interests” means, with respect to any Person, (i) any capital stock, share, partnership interest, joint venture interest, membership interest,
unit or other equity interest, voting security or other ownership interest in such Person, (ii) any security, warrant, option, call right, commitment,
conversion privilege, indebtedness, right of exchange, repurchase or redemption or other right convertible into or exercisable or exchangeable for any
such equity interest, and (iii) any other right to acquire any such equity interest, in each case of the for…",0.47,medium,What,Page 18,False,,,built-in-legal-boilerplate
E0019,EX-10.1.pdf,pdf_page_insight,Claim,text_layer,"Page 19: “Group Companies” means, collectively, the Company and its Subsidiaries.
“Indebtedness” means, without duplication, as to the Group Companies, all indebtedness, whether current or funded, short-term or long-term,
secured or unsecured, direct or indirect, including any accrued and unpaid interest, fees, premiums, costs of unwinding, and prepayment or termination
penalties, if any, and all other liabilities with respect thereto, including: (i) any indebtedness for borrowed money and accrued but unpaid interest,
premiums and penalties relating thereto, (ii) any indebtedness evidenced by a note, bond, debenture, mortgages, or other similar instrument, (iii) any
letter of credit, surety bond, performance bonds, bankers acceptances or similar obligations or instruments, in each case on…",0.47,medium,What,Page 19,False,,,built-in-legal-boilerplate
E0020,EX-10.1.pdf,pdf_page_insight,Claim,text_layer,"Page 20: disclosures (whether or not patented), know-how, formulae, patterns, compilations, programs, devices, methods, strategies, techniques, or processes), in
each case that derives independent economic value, actual or potential, from not being generally known or readily ascertainable by others who can
obtain economic value from its disclosure or use (collectively, “Trade Secrets”); and (v) all other similar or equivalent intellectual property or
proprietary rights anywhere in the world.
“IRS” means the United States Internal Revenue Service.
“IT Systems” means the computer, information technology and data processing systems, facilities and services, including all Software, hardware,
networks, communications facilities, platforms and related systems and services, used by, or in the cu…",0.47,medium,What,Page 20,False,,,built-in-legal-boilerplate
E0021,EX-10.1.pdf,pdf_page_insight,Claim,text_layer,"Page 21: “Ordinary Course of Business” means, with respect to the Group Companies, the ordinary course of its business consistent with past practice.
“Open Source Software” means any Software that is distributed, licensed or conveyed as free, copyleft, open source, or under similar licensing or
distribution models, including Software licensed under the GNU General Public License (GPL), GNU Lesser General Public License (LGPL), Mozilla
Public License, BSD licenses, the Apache License, or any license meeting the Open Source Definition (as promulgated by the Open Source Initiative) or
the Free Software Definition (as promulgated by the Free Software Foundation).
“Organizational Documents” means with respect to any Person other than a natural person, its certificate or articles of incorporati…",0.47,medium,What,Page 21,False,,,built-in-legal-boilerplate
